-- ============================================================================
-- DATA.sql — Lossless data-port hofmanns-fastigheter (SQLite dev.db) -> Postgres f_-tabeller
-- Genererad ur /Users/adamhofmann/Developer/hofmanns-fastigheter/prisma/dev.db
-- Kör EFTER 015_fastigheter_full.sql (SCHEMA.sql). FK-säker ordning: föräldrar före barn.
--
-- Konventioner:
--   * PK/FK = cuid-textsträngar, bevaras exakt.
--   * DateTime lagras som ISO 8601-text i källan -> timestamptz parsar direkt.
--   * SQLite boolean 0/1 -> Postgres false/true.
--   * NULL -> NULL (aldrig strängen 'NULL').
--   * User-tabellen migreras EJ (mål-appen använder Supabase Auth).
--   * Tomma tabeller (0 rader) utelämnas: Kontaktperson, Indexhojning, Driftskostnad,
--     UnderhallsLogg, UnderhallsDokument, Meddelande, MeddelandeMottagare,
--     ElLeverantorsfaktura, ElDebitering.
-- ============================================================================

begin;

-- f_bolag: 2 rader (förväntat 2) [källa: Bolag]
insert into f_bolag (id, namn, orgnummer, adress, postnummer, stad, epost, telefon, logotyp, bankgiro, plusgiro, momsregistreringsnummer, hemsida, faktura_prefix_text, betalningsvillkor, drojsmalsranta, fastighetsskattesats, created_at) values ('cmqkonqgo0000sui39acypd5s', 'Fastigheten IDN AB', '559488-4479', NULL, '646 32', 'Gnesta', 'adam@wisbohammar.com', '0705540924', NULL, '729-3699', NULL, '559488-4479', NULL, NULL, 30, 8.0, 0.5, '2026-06-19T08:44:52.536+00:00');
insert into f_bolag (id, namn, orgnummer, adress, postnummer, stad, epost, telefon, logotyp, bankgiro, plusgiro, momsregistreringsnummer, hemsida, faktura_prefix_text, betalningsvillkor, drojsmalsranta, fastighetsskattesats, created_at) values ('cmqkoohrl0001sui3suh12m63', 'Vagnhärads Fastighets AB', '556652-6314', NULL, '646 32', 'Gnesta', 'wisbohammar@wisbohammar.com', NULL, NULL, '5729-6972', NULL, NULL, NULL, NULL, 30, 8.0, 0.5, '2026-06-19T08:45:27.921+00:00');

-- f_fastighet: 2 rader (förväntat 2) [källa: Fastighet]
insert into f_fastighet (id, namn, adress, stad, postnummer, bolag_id, fastighetsbeteckning, taxeringsvarde, kommentar, created_at, updated_at) values ('cmqkpvv6x0002sui3ilxayala', 'Indelningen 1', 'Vägmästarvägen 7', 'Eskilstuna', '633 62', 'cmqkonqgo0000sui39acypd5s', NULL, 14853000.0, NULL, '2026-06-19T09:19:11.529+00:00', '2026-06-25T21:02:51.591+00:00');
insert into f_fastighet (id, namn, adress, stad, postnummer, bolag_id, fastighetsbeteckning, taxeringsvarde, kommentar, created_at, updated_at) values ('cmqr2f9xk0000zbi3dgbjx9wr', 'Kalkbruksvägen 14', 'Kalkbruksvägen 14', 'Vagnhärad', '61971', 'cmqkoohrl0001sui3suh12m63', NULL, NULL, NULL, '2026-06-23T19:56:49.544+00:00', '2026-06-25T17:52:01.123+00:00');

-- f_fastighetsbeteckning: 2 rader (förväntat 2) [källa: Fastighetsbeteckning]
insert into f_fastighetsbeteckning (id, fastighet_id, beteckning, taxeringsvarde, created_at) values ('cmqts4el5000mcii3s4o2t7tv', 'cmqr2f9xk0000zbi3dgbjx9wr', 'Lånesta 4:22', 1175000.0, '2026-06-25T17:31:44.730+00:00');
insert into f_fastighetsbeteckning (id, fastighet_id, beteckning, taxeringsvarde, created_at) values ('cmqtsdrq4000ncii385b26gml', 'cmqr2f9xk0000zbi3dgbjx9wr', 'Lånesta 4:26', 2992000.0, '2026-06-25T17:39:01.660+00:00');

-- f_byggnad: 4 rader (förväntat 4) [källa: Byggnad]
insert into f_byggnad (id, fastighet_id, beteckning_id, namn, adress, byggnadsar, ombyggnads_ar, totalyta, uthyrbar_yta, energiklass, uppvarmning, hiss, oljeavskiljare, sprinkler, laddstolpar, fiber, manuellaportar, elportar, beskrivning, created_at, updated_at) values ('cmqkqccb60003sui31ro9md0o', 'cmqkpvv6x0002sui3ilxayala', NULL, '7A', 'Vägmästarvägen 7A', 2021, NULL, 1610.0, 1114.0, NULL, 'Bergvärme', true, true, false, true, true, 4, 1, NULL, '2026-06-19T09:32:00.210+00:00', '2026-06-25T21:02:51.608+00:00');
insert into f_byggnad (id, fastighet_id, beteckning_id, namn, adress, byggnadsar, ombyggnads_ar, totalyta, uthyrbar_yta, energiklass, uppvarmning, hiss, oljeavskiljare, sprinkler, laddstolpar, fiber, manuellaportar, elportar, beskrivning, created_at, updated_at) values ('cmqkqfm2z0004sui33thrghvt', 'cmqkpvv6x0002sui3ilxayala', NULL, '7B', 'Vägmästarvägen 7B', 2023, NULL, 588.0, 588.0, NULL, 'Luft/vatten', false, true, false, true, true, NULL, 7, NULL, '2026-06-19T09:34:32.843+00:00', '2026-06-21T12:49:15.809+00:00');
insert into f_byggnad (id, fastighet_id, beteckning_id, namn, adress, byggnadsar, ombyggnads_ar, totalyta, uthyrbar_yta, energiklass, uppvarmning, hiss, oljeavskiljare, sprinkler, laddstolpar, fiber, manuellaportar, elportar, beskrivning, created_at, updated_at) values ('cmqr2w0rq0001zbi377pfaee5', 'cmqr2f9xk0000zbi3dgbjx9wr', 'cmqts4el5000mcii3s4o2t7tv', '14A', 'Kalkbruksvägen 14A', 2002, NULL, 426.0, 426.0, NULL, 'Luft/vatten', false, true, false, false, true, 2, 0, NULL, '2026-06-23T20:09:50.822+00:00', '2026-06-25T17:49:33.883+00:00');
insert into f_byggnad (id, fastighet_id, beteckning_id, namn, adress, byggnadsar, ombyggnads_ar, totalyta, uthyrbar_yta, energiklass, uppvarmning, hiss, oljeavskiljare, sprinkler, laddstolpar, fiber, manuellaportar, elportar, beskrivning, created_at, updated_at) values ('cmqr2xtp40002zbi3nt1fwdu6', 'cmqr2f9xk0000zbi3dgbjx9wr', 'cmqtsdrq4000ncii385b26gml', '14B', 'Kalkbruksvägen 14B', 2018, NULL, 856.0, 856.0, NULL, 'Luft/vatten', false, true, false, false, true, 4, 1, NULL, '2026-06-23T20:11:14.969+00:00', '2026-06-25T17:49:42.266+00:00');

-- f_lokal: 21 rader (förväntat 21) [källa: Lokal]
insert into f_lokal (id, namn, typ, yta, vaning, status, bashyra, moms, fastighet_id, beteckning_id, byggnad_id, created_at, updated_at) values ('cmqkuzj0p0005sui3pfmp2e1h', 'Lokal 2001', 'lokal', 288.0, 0, 'uthyrd', 33600.0, 25.0, 'cmqkpvv6x0002sui3ilxayala', NULL, NULL, '2026-06-19T11:42:00.457+00:00', '2026-06-20T05:58:32.112+00:00');
insert into f_lokal (id, namn, typ, yta, vaning, status, bashyra, moms, fastighet_id, beteckning_id, byggnad_id, created_at, updated_at) values ('cmqkvgcly00034li317r1lwlf', 'Lokal 2002', 'lokal', 288.0, 0, 'uthyrd', 36583.0, 25.0, 'cmqkpvv6x0002sui3ilxayala', NULL, 'cmqkqfm2z0004sui33thrghvt', '2026-06-19T11:55:05.302+00:00', '2026-06-20T18:44:49.501+00:00');
insert into f_lokal (id, namn, typ, yta, vaning, status, bashyra, moms, fastighet_id, beteckning_id, byggnad_id, created_at, updated_at) values ('cmqr3c3i50003zbi3gkeyl2va', 'Lokal 1001', 'lokal', 226.0, NULL, 'uthyrd', 24833.08, 25.0, 'cmqr2f9xk0000zbi3dgbjx9wr', NULL, 'cmqr2w0rq0001zbi377pfaee5', '2026-06-23T20:22:20.861+00:00', '2026-06-25T19:39:56.080+00:00');
insert into f_lokal (id, namn, typ, yta, vaning, status, bashyra, moms, fastighet_id, beteckning_id, byggnad_id, created_at, updated_at) values ('cmqr3d8hh0004zbi3frh6u9bs', 'Lokal 1002', 'lokal', 200.0, NULL, 'uthyrd', 20666.67, 0.0, 'cmqr2f9xk0000zbi3dgbjx9wr', NULL, 'cmqr2w0rq0001zbi377pfaee5', '2026-06-23T20:23:13.973+00:00', '2026-06-25T20:56:59.339+00:00');
insert into f_lokal (id, namn, typ, yta, vaning, status, bashyra, moms, fastighet_id, beteckning_id, byggnad_id, created_at, updated_at) values ('cmqsbpkhf0005zbi36g9segbr', 'Lokal 1001', 'lokal', 361.0, NULL, 'ledig', 37500.0, 25.0, 'cmqkpvv6x0002sui3ilxayala', NULL, 'cmqkqccb60003sui31ro9md0o', '2026-06-24T17:04:32.499+00:00', '2026-06-25T20:56:59.341+00:00');
insert into f_lokal (id, namn, typ, yta, vaning, status, bashyra, moms, fastighet_id, beteckning_id, byggnad_id, created_at, updated_at) values ('cmqsgo5ih0006zbi32wpzk147', 'Mark 1001', 'mark', 2600.0, NULL, 'uthyrd', 17333.33, 25.0, 'cmqkpvv6x0002sui3ilxayala', NULL, NULL, '2026-06-24T19:23:24.521+00:00', '2026-06-25T18:53:37.192+00:00');
insert into f_lokal (id, namn, typ, yta, vaning, status, bashyra, moms, fastighet_id, beteckning_id, byggnad_id, created_at, updated_at) values ('cmqshof0i0005cii3lk5nagdh', 'Lokal 1002', 'lager', 105.0, NULL, 'uthyrd', 8749.83, 25.0, 'cmqkpvv6x0002sui3ilxayala', NULL, 'cmqkqccb60003sui31ro9md0o', '2026-06-24T19:51:36.450+00:00', '2026-06-25T11:52:23.925+00:00');
insert into f_lokal (id, namn, typ, yta, vaning, status, bashyra, moms, fastighet_id, beteckning_id, byggnad_id, created_at, updated_at) values ('cmqshu51g0006cii3dv6vls4l', 'Lokal 1003', 'lager', 259.0, NULL, 'uthyrd', 30216.67, 25.0, 'cmqkpvv6x0002sui3ilxayala', NULL, 'cmqkqccb60003sui31ro9md0o', '2026-06-24T19:56:03.460+00:00', '2026-06-25T19:28:43.944+00:00');
insert into f_lokal (id, namn, typ, yta, vaning, status, bashyra, moms, fastighet_id, beteckning_id, byggnad_id, created_at, updated_at) values ('cmqshvah50007cii3xt0yqj2r', 'Lokal 1004', 'lager', 77.0, NULL, 'uthyrd', 9166.67, 25.0, 'cmqkpvv6x0002sui3ilxayala', NULL, 'cmqkqccb60003sui31ro9md0o', '2026-06-24T19:56:57.161+00:00', '2026-06-25T19:28:43.944+00:00');
insert into f_lokal (id, namn, typ, yta, vaning, status, bashyra, moms, fastighet_id, beteckning_id, byggnad_id, created_at, updated_at) values ('cmqshwm750008cii3cjfhzipd', 'Lokal 1005', 'kontor', 74.0, NULL, 'uthyrd', 8666.67, 25.0, 'cmqkpvv6x0002sui3ilxayala', NULL, 'cmqkqccb60003sui31ro9md0o', '2026-06-24T19:57:59.010+00:00', '2026-06-25T19:28:43.944+00:00');
insert into f_lokal (id, namn, typ, yta, vaning, status, bashyra, moms, fastighet_id, beteckning_id, byggnad_id, created_at, updated_at) values ('cmqshxmv30009cii3srjvjzco', 'Lokal 1005', 'kontor', 38.0, NULL, 'ledig', 6250.0, 25.0, 'cmqkpvv6x0002sui3ilxayala', NULL, 'cmqkqccb60003sui31ro9md0o', '2026-06-24T19:58:46.527+00:00', '2026-06-24T19:58:46.527+00:00');
insert into f_lokal (id, namn, typ, yta, vaning, status, bashyra, moms, fastighet_id, beteckning_id, byggnad_id, created_at, updated_at) values ('cmqshymyl000acii36kbwjq2e', 'Lokal 1006', 'kontor', 200.0, NULL, 'ledig', 20833.33, 25.0, 'cmqkpvv6x0002sui3ilxayala', NULL, 'cmqkqccb60003sui31ro9md0o', '2026-06-24T19:59:33.309+00:00', '2026-06-24T19:59:33.309+00:00');
insert into f_lokal (id, namn, typ, yta, vaning, status, bashyra, moms, fastighet_id, beteckning_id, byggnad_id, created_at, updated_at) values ('cmqsi1uct000bcii3o8itqalg', 'Mark 1002', 'mark', 2698.0, NULL, 'uthyrd', 17986.67, 25.0, 'cmqkpvv6x0002sui3ilxayala', NULL, 'cmqkqccb60003sui31ro9md0o', '2026-06-24T20:02:02.861+00:00', '2026-06-25T19:28:43.944+00:00');
insert into f_lokal (id, namn, typ, yta, vaning, status, bashyra, moms, fastighet_id, beteckning_id, byggnad_id, created_at, updated_at) values ('cmqsi43qi000ccii36ih4mrpc', 'Container', 'mark', 25.0, NULL, 'uthyrd', 1600.0, 25.0, 'cmqr2f9xk0000zbi3dgbjx9wr', NULL, 'cmqr2w0rq0001zbi377pfaee5', '2026-06-24T20:03:48.330+00:00', '2026-06-25T18:54:56.967+00:00');
insert into f_lokal (id, namn, typ, yta, vaning, status, bashyra, moms, fastighet_id, beteckning_id, byggnad_id, created_at, updated_at) values ('cmqsi529y000dcii3ab1qcntn', 'Mark 1001', 'mark', 400.0, NULL, 'uthyrd', 6000.0, 25.0, 'cmqr2f9xk0000zbi3dgbjx9wr', NULL, 'cmqr2w0rq0001zbi377pfaee5', '2026-06-24T20:04:33.094+00:00', '2026-06-25T20:56:59.342+00:00');
insert into f_lokal (id, namn, typ, yta, vaning, status, bashyra, moms, fastighet_id, beteckning_id, byggnad_id, created_at, updated_at) values ('cmqsi9bp6000ecii3mcx6oadh', 'Lokal 1', 'lokal', 170.0, 2, 'uthyrd', 16248.75, 25.0, 'cmqr2f9xk0000zbi3dgbjx9wr', NULL, 'cmqr2xtp40002zbi3nt1fwdu6', '2026-06-24T20:07:51.930+00:00', '2026-06-25T11:59:03.783+00:00');
insert into f_lokal (id, namn, typ, yta, vaning, status, bashyra, moms, fastighet_id, beteckning_id, byggnad_id, created_at, updated_at) values ('cmqsiaum1000fcii3n9orjo20', 'Lokal 2', 'lokal', 170.0, NULL, 'uthyrd', 14028.5, 25.0, 'cmqr2f9xk0000zbi3dgbjx9wr', NULL, 'cmqr2xtp40002zbi3nt1fwdu6', '2026-06-24T20:09:03.097+00:00', '2026-06-25T19:39:56.080+00:00');
insert into f_lokal (id, namn, typ, yta, vaning, status, bashyra, moms, fastighet_id, beteckning_id, byggnad_id, created_at, updated_at) values ('cmqsicg0d000gcii3n8rdsgxj', 'Lokal 3', 'lokal', 205.0, 2, 'uthyrd', 26518.25, 25.0, 'cmqr2f9xk0000zbi3dgbjx9wr', NULL, 'cmqr2xtp40002zbi3nt1fwdu6', '2026-06-24T20:10:17.485+00:00', '2026-06-25T18:17:39.978+00:00');
insert into f_lokal (id, namn, typ, yta, vaning, status, bashyra, moms, fastighet_id, beteckning_id, byggnad_id, created_at, updated_at) values ('cmqsie364000hcii3e6bzi5c1', 'Lokal 4', 'lokal', 141.0, 2, 'uthyrd', 9083.17, 25.0, 'cmqr2f9xk0000zbi3dgbjx9wr', NULL, 'cmqr2xtp40002zbi3nt1fwdu6', '2026-06-24T20:11:34.156+00:00', '2026-06-25T18:31:08.781+00:00');
insert into f_lokal (id, namn, typ, yta, vaning, status, bashyra, moms, fastighet_id, beteckning_id, byggnad_id, created_at, updated_at) values ('cmqsifjqd000icii3deyn7e65', 'Lokal 5', 'lokal', 170.0, 2, 'uthyrd', 15614.83, 25.0, 'cmqr2f9xk0000zbi3dgbjx9wr', NULL, 'cmqr2xtp40002zbi3nt1fwdu6', '2026-06-24T20:12:42.277+00:00', '2026-06-25T18:07:07.608+00:00');
insert into f_lokal (id, namn, typ, yta, vaning, status, bashyra, moms, fastighet_id, beteckning_id, byggnad_id, created_at, updated_at) values ('cmqtzsq0r0010iyi3hh74hwmb', 'Lokal 1001', 'lokal', 226.0, 2, 'ledig', 21666.67, 25.0, 'cmqr2f9xk0000zbi3dgbjx9wr', 'cmqts4el5000mcii3s4o2t7tv', 'cmqr2w0rq0001zbi377pfaee5', '2026-06-25T21:06:36.603+00:00', '2026-06-25T21:06:36.603+00:00');

-- f_hyresgast: 11 rader (förväntat 11) [källa: Hyresgast]
insert into f_hyresgast (id, namn, personnummer, epost, fakturamail, telefon, adress, samfakturering, fakturaleverans, created_at, updated_at) values ('cmqly33d40000eii3p94sxyd3', 'Polercentrum AB', '559124-6482', NULL, NULL, NULL, 'Vägmästarvägen 7, 633 62, Eskilstuna', false, 'epost', '2026-06-20T05:56:31.817+00:00', '2026-06-20T05:56:31.817+00:00');
insert into f_hyresgast (id, namn, personnummer, epost, fakturamail, telefon, adress, samfakturering, fakturaleverans, created_at, updated_at) values ('cmqmok24e0002eii3mzs4v79i', 'Dekra Automotive AB', '556709-9170', NULL, 'leverantorsfaktura.automotive@dekra.com', NULL, 'Vägmästarvägen 7, 633 62, Eskilstuna', false, 'epost', '2026-06-20T18:17:33.374+00:00', '2026-06-20T18:17:33.374+00:00');
insert into f_hyresgast (id, namn, personnummer, epost, fakturamail, telefon, adress, samfakturering, fakturaleverans, created_at, updated_at) values ('cmqsgrsc10007zbi3sagrs1tu', 'STS Sydhamnens trailer service AB ', '556533-3225', 'stefan.klingberg@ststrailerservice.se', 'faktura@ststrailerservice.se', NULL, 'Florettgatan 29A, 254 67, Helsingborg', false, 'epost', '2026-06-24T19:26:14.065+00:00', '2026-06-24T19:26:14.065+00:00');
insert into f_hyresgast (id, namn, personnummer, epost, fakturamail, telefon, adress, samfakturering, fakturaleverans, created_at, updated_at) values ('cmqsgtf1m0008zbi3lh2fsknq', 'Terra Aktiebolag', '556284-6302', 'johan@cotidieinvest.com', 'faktura@terra-ab.se', NULL, 'Vägmästarvägen 7A, 633 62, Eskilstuna', false, 'epost', '2026-06-24T19:27:30.154+00:00', '2026-06-24T19:27:30.154+00:00');
insert into f_hyresgast (id, namn, personnummer, epost, fakturamail, telefon, adress, samfakturering, fakturaleverans, created_at, updated_at) values ('cmqsgulvb0009zbi3esuyaa34', 'Anzen AB', '559441-0747', 'erik.alsmo@gmail.com', 'faktura@anzen.nu', NULL, 'Kalkbruksvägen 14, 610 71, Vagnhärad', true, 'epost', '2026-06-24T19:28:25.655+00:00', '2026-06-25T18:26:38.309+00:00');
insert into f_hyresgast (id, namn, personnummer, epost, fakturamail, telefon, adress, samfakturering, fakturaleverans, created_at, updated_at) values ('cmqsgvi1n000azbi3chcr1z6j', 'Eurosafe Scandinavia AB', '559254-3044', NULL, 'pdf-invoice@eurosafe.se', NULL, 'Kalkbruksvägen 14, 610 71, Vagnhärad', false, 'epost', '2026-06-24T19:29:07.355+00:00', '2026-06-24T19:29:07.355+00:00');
insert into f_hyresgast (id, namn, personnummer, epost, fakturamail, telefon, adress, samfakturering, fakturaleverans, created_at, updated_at) values ('cmqshfwnl0000cii3zg1hjslj', 'Triokapital AB', '556883-3304', 'mistersverre@gmail.com', 'mistersverre@gmail.com', NULL, 'Kalkbruksvägen 14, 610 71, Vagnhärad', false, 'epost', '2026-06-24T19:44:59.409+00:00', '2026-06-24T19:44:59.409+00:00');
insert into f_hyresgast (id, namn, personnummer, epost, fakturamail, telefon, adress, samfakturering, fakturaleverans, created_at, updated_at) values ('cmqshh6dz0001cii3qcguoama', 'Region Sörmland', '232100-0032', NULL, NULL, NULL, 'Box 529, 63107 Eskilstuna', false, 'epost', '2026-06-24T19:45:58.679+00:00', '2026-06-24T19:45:58.679+00:00');
insert into f_hyresgast (id, namn, personnummer, epost, fakturamail, telefon, adress, samfakturering, fakturaleverans, created_at, updated_at) values ('cmqshibwu0002cii3pmtpxwzb', 'Sven Klingsell', '19600327-0193', 'sven.klingsell@live.se', 'sven.klingsell@live.se', NULL, 'Elofs väg 5D, 619 71, Vagnhärad', false, 'epost', '2026-06-24T19:46:52.494+00:00', '2026-06-24T19:46:52.494+00:00');
insert into f_hyresgast (id, namn, personnummer, epost, fakturamail, telefon, adress, samfakturering, fakturaleverans, created_at, updated_at) values ('cmqshjly60003cii35h464l4b', 'Storstockholms consult & Construction AB', '556438-0615', 's.c.c@live.se', 's.c.c@live.se', NULL, 'Box 42029, 12612 Hägersten', false, 'epost', '2026-06-24T19:47:52.158+00:00', '2026-06-24T19:47:52.158+00:00');
insert into f_hyresgast (id, namn, personnummer, epost, fakturamail, telefon, adress, samfakturering, fakturaleverans, created_at, updated_at) values ('cmqshm2ac0004cii3b0udr0if', 'Aktiebolaget Gustaf Wånggren', '556818-7982', 'gustaf@www.w.se', 'inbox.lev.1445883@arkivplats.se', '0706050707 ', 'Vägmästarvägen 7, 633 62, Eskilstuna', false, 'epost', '2026-06-24T19:49:46.644+00:00', '2026-06-25T07:38:12.250+00:00');

-- f_hyresavtal: 12 rader (förväntat 12) [källa: Hyresavtal]
insert into f_hyresavtal (id, avtalsnummer, hyresgast_id, startdatum, slutdatum, bashyra, arshyra, indexupprakning, status, uppsagningstid, avtalsdatum, hyrestid, forlangning, uppsagningstid_hg, uppsagningstid_hv, faktureringsfrekvens, forfallotyp, forfallodagar, anvand_index, basindex_ar, basindex_manad, basindex_varde, anvandning, el_abonnemang, va_abonnemang, varme_abonnemang, ventilation, kostnadsandel, underhallsansvar, sakerhet, specialvillkor, uppsagning_kommentar, created_at, updated_at) values ('cmqly5o6j0001eii377wg7flo', '2025-001', 'cmqly33d40000eii3p94sxyd3', '2025-10-01T00:00:00.000+00:00', '2028-09-30T00:00:00.000+00:00', 33600.0, 403200.0, 0.0, 'aktiv', 6, '2025-08-08T00:00:00.000+00:00', 'forlangning', 3, 6, 6, 'månadsvis', 'fore_period', 30, true, 2025, 'Oktober', 419.35, NULL, 'vidarefakturering', 'vidarefakturering', 'vidarefakturering', 'ingar', 12.5, 'hyresgast_ytskikt', NULL, NULL, NULL, '2026-06-20T05:58:32.107+00:00', '2026-06-25T19:43:43.964+00:00');
insert into f_hyresavtal (id, avtalsnummer, hyresgast_id, startdatum, slutdatum, bashyra, arshyra, indexupprakning, status, uppsagningstid, avtalsdatum, hyrestid, forlangning, uppsagningstid_hg, uppsagningstid_hv, faktureringsfrekvens, forfallotyp, forfallodagar, anvand_index, basindex_ar, basindex_manad, basindex_varde, anvandning, el_abonnemang, va_abonnemang, varme_abonnemang, ventilation, kostnadsandel, underhallsansvar, sakerhet, specialvillkor, uppsagning_kommentar, created_at, updated_at) values ('cmqmpj4kb0003eii3ivv676ed', NULL, 'cmqmok24e0002eii3mzs4v79i', '2026-06-20T00:00:00.000+00:00', '2030-08-31T00:00:00.000+00:00', 36583.0, 439000.0, 0.0, 'aktiv', 9, '2023-08-01T00:00:00.000+00:00', 'forlangning', 3, 9, 9, 'månadsvis', 'fore_period', 30, true, 2023, 'Oktober', 409.07, NULL, 'vidarefakturering', 'ingar', 'ingar', 'ingar', 12.5, 'hyresgast_ytskikt', NULL, NULL, NULL, '2026-06-20T18:44:49.499+00:00', '2026-06-25T19:43:47.512+00:00');
insert into f_hyresavtal (id, avtalsnummer, hyresgast_id, startdatum, slutdatum, bashyra, arshyra, indexupprakning, status, uppsagningstid, avtalsdatum, hyrestid, forlangning, uppsagningstid_hg, uppsagningstid_hv, faktureringsfrekvens, forfallotyp, forfallodagar, anvand_index, basindex_ar, basindex_manad, basindex_varde, anvandning, el_abonnemang, va_abonnemang, varme_abonnemang, ventilation, kostnadsandel, underhallsansvar, sakerhet, specialvillkor, uppsagning_kommentar, created_at, updated_at) values ('cmqtg0037000jcii3hl48fnn0', '2026-001', 'cmqshm2ac0004cii3b0udr0if', '2025-07-01T00:00:00.000+00:00', NULL, 8750.0, 105000.0, 0.0, 'aktiv', 1, '2025-07-01T00:00:00.000+00:00', 'tillsvidare', NULL, 1, 1, 'månadsvis', 'fore_period', 30, false, 2024, 'Oktober', 415.51, NULL, 'hyresgast', 'ingar', 'ingar', 'ingar', NULL, 'hyresgast_ytskikt', NULL, NULL, NULL, '2026-06-25T11:52:23.923+00:00', '2026-06-25T11:52:23.923+00:00');
insert into f_hyresavtal (id, avtalsnummer, hyresgast_id, startdatum, slutdatum, bashyra, arshyra, indexupprakning, status, uppsagningstid, avtalsdatum, hyrestid, forlangning, uppsagningstid_hg, uppsagningstid_hv, faktureringsfrekvens, forfallotyp, forfallodagar, anvand_index, basindex_ar, basindex_manad, basindex_varde, anvandning, el_abonnemang, va_abonnemang, varme_abonnemang, ventilation, kostnadsandel, underhallsansvar, sakerhet, specialvillkor, uppsagning_kommentar, created_at, updated_at) values ('cmqtg8kmd000kcii3na6nyc9p', '2026-002', 'cmqsgulvb0009zbi3esuyaa34', '2024-08-01T00:00:00.000+00:00', '2027-07-31T00:00:00.000+00:00', 16100.0, 193200.0, 0.0, 'aktiv', 9, '2024-08-01T00:00:00.000+00:00', 'forlangning', 3, 9, 9, 'månadsvis', 'fore_period', 30, true, 2024, 'Oktober', 415.51, NULL, 'hyresgast', 'ingar', 'hyresgast', 'ingar', 20.0, 'hyresgast_ytskikt', NULL, NULL, NULL, '2026-06-25T11:59:03.781+00:00', '2026-06-25T17:59:55.198+00:00');
insert into f_hyresavtal (id, avtalsnummer, hyresgast_id, startdatum, slutdatum, bashyra, arshyra, indexupprakning, status, uppsagningstid, avtalsdatum, hyrestid, forlangning, uppsagningstid_hg, uppsagningstid_hv, faktureringsfrekvens, forfallotyp, forfallodagar, anvand_index, basindex_ar, basindex_manad, basindex_varde, anvandning, el_abonnemang, va_abonnemang, varme_abonnemang, ventilation, kostnadsandel, underhallsansvar, sakerhet, specialvillkor, uppsagning_kommentar, created_at, updated_at) values ('cmqttdwlx000225i3nqx7zsg9', '2026-003', 'cmqsgvi1n000azbi3chcr1z6j', '2021-12-01T00:00:00.000+00:00', '2024-11-30T00:00:00.000+00:00', 12900.0, 154800.0, 0.0, 'aktiv', 9, '2021-12-01T00:00:00.000+00:00', 'forlangning', 3, 9, 9, 'månadsvis', 'fore_period', 30, true, 2021, 'Oktober', 346.44, NULL, 'hyresgast', 'ingar', 'ingar', 'ingar', NULL, 'hyresgast_ytskikt', NULL, NULL, NULL, '2026-06-25T18:07:07.605+00:00', '2026-06-25T18:07:07.605+00:00');
insert into f_hyresavtal (id, avtalsnummer, hyresgast_id, startdatum, slutdatum, bashyra, arshyra, indexupprakning, status, uppsagningstid, avtalsdatum, hyrestid, forlangning, uppsagningstid_hg, uppsagningstid_hv, faktureringsfrekvens, forfallotyp, forfallodagar, anvand_index, basindex_ar, basindex_manad, basindex_varde, anvandning, el_abonnemang, va_abonnemang, varme_abonnemang, ventilation, kostnadsandel, underhallsansvar, sakerhet, specialvillkor, uppsagning_kommentar, created_at, updated_at) values ('cmqttrgjq000625i302335xjx', '2026-004', 'cmqshh6dz0001cii3qcguoama', '2019-07-01T00:00:00.000+00:00', '2028-06-30T00:00:00.000+00:00', 21250.0, 255000.0, 0.0, 'aktiv', 9, '2019-07-01T00:00:00.000+00:00', 'forlangning', 3, 9, 9, 'kvartalsvis', 'fore_period', 30, true, 2019, 'Oktober', 336.04, NULL, 'hyresgast', 'ingar', 'ingar', 'ingar', NULL, 'hyresgast_ytskikt', NULL, NULL, NULL, '2026-06-25T18:17:39.974+00:00', '2026-06-25T18:17:39.974+00:00');
insert into f_hyresavtal (id, avtalsnummer, hyresgast_id, startdatum, slutdatum, bashyra, arshyra, indexupprakning, status, uppsagningstid, avtalsdatum, hyrestid, forlangning, uppsagningstid_hg, uppsagningstid_hv, faktureringsfrekvens, forfallotyp, forfallodagar, anvand_index, basindex_ar, basindex_manad, basindex_varde, anvandning, el_abonnemang, va_abonnemang, varme_abonnemang, ventilation, kostnadsandel, underhallsansvar, sakerhet, specialvillkor, uppsagning_kommentar, created_at, updated_at) values ('cmqtu8smh000825i3239mnab7', '2026-005', 'cmqsgulvb0009zbi3esuyaa34', '2025-01-01T00:00:00.000+00:00', '2027-12-31T00:00:00.000+00:00', 9083.17, 108998.0, 0.0, 'aktiv', 9, '2025-01-28T00:00:00.000+00:00', 'forlangning', 3, 9, 9, 'månadsvis', 'fore_period', 30, true, 2024, 'Oktober', 415.51, NULL, 'hyresgast', 'ingar', 'ingar', 'ingar', NULL, 'hyresgast_ytskikt', NULL, NULL, NULL, '2026-06-25T18:31:08.777+00:00', '2026-06-25T19:48:56.118+00:00');
insert into f_hyresavtal (id, avtalsnummer, hyresgast_id, startdatum, slutdatum, bashyra, arshyra, indexupprakning, status, uppsagningstid, avtalsdatum, hyrestid, forlangning, uppsagningstid_hg, uppsagningstid_hv, faktureringsfrekvens, forfallotyp, forfallodagar, anvand_index, basindex_ar, basindex_manad, basindex_varde, anvandning, el_abonnemang, va_abonnemang, varme_abonnemang, ventilation, kostnadsandel, underhallsansvar, sakerhet, specialvillkor, uppsagning_kommentar, created_at, updated_at) values ('cmqtv1p2c000e25i3ifmsaskd', '2026-008', 'cmqsgrsc10007zbi3sagrs1tu', '2023-12-11T00:00:00.000+00:00', '2024-12-11T00:00:00.000+00:00', 17333.33, 208000.0, 0.0, 'aktiv', 3, '2023-12-11T00:00:00.000+00:00', 'forlangning', 1, 3, 3, 'kvartalsvis', 'fore_period', 30, false, 2023, 'Oktober', 409.07, NULL, 'hyresgast', 'ingar', 'ingar', 'ingar', NULL, 'hyresgast_ytskikt', NULL, NULL, NULL, '2026-06-25T18:53:37.188+00:00', '2026-06-25T18:53:37.188+00:00');
insert into f_hyresavtal (id, avtalsnummer, hyresgast_id, startdatum, slutdatum, bashyra, arshyra, indexupprakning, status, uppsagningstid, avtalsdatum, hyrestid, forlangning, uppsagningstid_hg, uppsagningstid_hv, faktureringsfrekvens, forfallotyp, forfallodagar, anvand_index, basindex_ar, basindex_manad, basindex_varde, anvandning, el_abonnemang, va_abonnemang, varme_abonnemang, ventilation, kostnadsandel, underhallsansvar, sakerhet, specialvillkor, uppsagning_kommentar, created_at, updated_at) values ('cmqtv3emd000f25i33w4z757r', '2026-009', 'cmqshibwu0002cii3pmtpxwzb', '2024-07-01T00:00:00.000+00:00', NULL, 1600.0, 19200.0, 0.0, 'aktiv', 3, '2024-07-01T00:00:00.000+00:00', 'tillsvidare', NULL, 3, 3, 'kvartalsvis', 'fore_period', 30, false, 2023, 'Oktober', 409.07, NULL, 'hyresgast', 'ingar', 'ingar', 'ingar', NULL, 'hyresgast_ytskikt', NULL, NULL, NULL, '2026-06-25T18:54:56.965+00:00', '2026-06-25T18:54:56.965+00:00');
insert into f_hyresavtal (id, avtalsnummer, hyresgast_id, startdatum, slutdatum, bashyra, arshyra, indexupprakning, status, uppsagningstid, avtalsdatum, hyrestid, forlangning, uppsagningstid_hg, uppsagningstid_hv, faktureringsfrekvens, forfallotyp, forfallodagar, anvand_index, basindex_ar, basindex_manad, basindex_varde, anvandning, el_abonnemang, va_abonnemang, varme_abonnemang, ventilation, kostnadsandel, underhallsansvar, sakerhet, specialvillkor, uppsagning_kommentar, created_at, updated_at) values ('cmqtwaun70000iyi3i2jfm1a0', '2026-010', 'cmqsgtf1m0008zbi3lh2fsknq', '2024-04-01T00:00:00.000+00:00', '2025-03-31T00:00:00.000+00:00', 67241.67, 806900.0, 0.0, 'aktiv', 6, '2024-04-01T00:00:00.000+00:00', 'forlangning', 1, 6, 9, 'kvartalsvis', 'fore_period', 30, false, 2023, 'Oktober', 409.07, 'Kontor, verkstad', 'vidarefakturering', 'ingar', 'schablon', 'ingar', 27.0, 'hyresgast_ytskikt', NULL, NULL, NULL, '2026-06-25T19:28:43.939+00:00', '2026-06-25T19:28:43.939+00:00');
insert into f_hyresavtal (id, avtalsnummer, hyresgast_id, startdatum, slutdatum, bashyra, arshyra, indexupprakning, status, uppsagningstid, avtalsdatum, hyrestid, forlangning, uppsagningstid_hg, uppsagningstid_hv, faktureringsfrekvens, forfallotyp, forfallodagar, anvand_index, basindex_ar, basindex_manad, basindex_varde, anvandning, el_abonnemang, va_abonnemang, varme_abonnemang, ventilation, kostnadsandel, underhallsansvar, sakerhet, specialvillkor, uppsagning_kommentar, created_at, updated_at) values ('cmqtwp99n0006iyi3hep8mtf0', '2026-011', 'cmqshfwnl0000cii3zg1hjslj', '2024-07-01T00:00:00.000+00:00', '2027-06-30T00:00:00.000+00:00', 13900.0, 166800.0, 0.0, 'aktiv', 9, '2024-07-01T00:00:00.000+00:00', 'forlangning', 3, 9, 9, 'kvartalsvis', 'fore_period', 30, true, 2024, 'Oktober', 415.51, NULL, 'hyresgast', 'ingar', 'hyresgast', 'ingar', NULL, 'hyresgast_ytskikt', NULL, NULL, NULL, '2026-06-25T19:39:56.075+00:00', '2026-06-25T19:43:27.684+00:00');
insert into f_hyresavtal (id, avtalsnummer, hyresgast_id, startdatum, slutdatum, bashyra, arshyra, indexupprakning, status, uppsagningstid, avtalsdatum, hyrestid, forlangning, uppsagningstid_hg, uppsagningstid_hv, faktureringsfrekvens, forfallotyp, forfallodagar, anvand_index, basindex_ar, basindex_manad, basindex_varde, anvandning, el_abonnemang, va_abonnemang, varme_abonnemang, ventilation, kostnadsandel, underhallsansvar, sakerhet, specialvillkor, uppsagning_kommentar, created_at, updated_at) values ('cmqtxeob1000hiyi3tambe22m', '2026-010', 'cmqshjly60003cii35h464l4b', '2024-01-01T00:00:00.000+00:00', '2026-12-31T00:00:00.000+00:00', 18333.33, 220000.0, 0.0, 'uppsagd', 9, '2024-01-01T00:00:00.000+00:00', 'forlangning', 3, 9, 9, 'månadsvis', 'fore_period', 30, true, 2023, 'Oktober', 409.07, 'Verkstad', 'hyresgast', 'ingar', 'hyresgast', 'ingar', NULL, 'hyresgast_ytskikt', NULL, NULL, NULL, '2026-06-25T19:59:41.965+00:00', '2026-06-25T20:56:59.342+00:00');

-- f_hyresavtal_lokal: 19 rader (förväntat 19) [källa: HyresavtalLokal]
insert into f_hyresavtal_lokal (id, hyresavtal_id, lokal_id, created_at) values ('mig001', 'cmqly5o6j0001eii377wg7flo', 'cmqkuzj0p0005sui3pfmp2e1h', '2026-06-25 19:08:48');
insert into f_hyresavtal_lokal (id, hyresavtal_id, lokal_id, created_at) values ('mig002', 'cmqmpj4kb0003eii3ivv676ed', 'cmqkvgcly00034li317r1lwlf', '2026-06-25 19:08:48');
insert into f_hyresavtal_lokal (id, hyresavtal_id, lokal_id, created_at) values ('mig003', 'cmqtg0037000jcii3hl48fnn0', 'cmqshof0i0005cii3lk5nagdh', '2026-06-25 19:08:48');
insert into f_hyresavtal_lokal (id, hyresavtal_id, lokal_id, created_at) values ('mig004', 'cmqtg8kmd000kcii3na6nyc9p', 'cmqsi9bp6000ecii3mcx6oadh', '2026-06-25 19:08:48');
insert into f_hyresavtal_lokal (id, hyresavtal_id, lokal_id, created_at) values ('mig005', 'cmqttdwlx000225i3nqx7zsg9', 'cmqsifjqd000icii3deyn7e65', '2026-06-25 19:08:48');
insert into f_hyresavtal_lokal (id, hyresavtal_id, lokal_id, created_at) values ('mig006', 'cmqttrgjq000625i302335xjx', 'cmqsicg0d000gcii3n8rdsgxj', '2026-06-25 19:08:48');
insert into f_hyresavtal_lokal (id, hyresavtal_id, lokal_id, created_at) values ('mig007', 'cmqtu8smh000825i3239mnab7', 'cmqsie364000hcii3e6bzi5c1', '2026-06-25 19:08:48');
insert into f_hyresavtal_lokal (id, hyresavtal_id, lokal_id, created_at) values ('mig010', 'cmqtv1p2c000e25i3ifmsaskd', 'cmqsgo5ih0006zbi32wpzk147', '2026-06-25 19:08:48');
insert into f_hyresavtal_lokal (id, hyresavtal_id, lokal_id, created_at) values ('mig011', 'cmqtv3emd000f25i33w4z757r', 'cmqsi43qi000ccii36ih4mrpc', '2026-06-25 19:08:48');
insert into f_hyresavtal_lokal (id, hyresavtal_id, lokal_id, created_at) values ('cmqtwaun80001iyi30g9g26j9', 'cmqtwaun70000iyi3i2jfm1a0', 'cmqshu51g0006cii3dv6vls4l', '2026-06-25T19:28:43.939+00:00');
insert into f_hyresavtal_lokal (id, hyresavtal_id, lokal_id, created_at) values ('cmqtwaun80002iyi3a61q3rdw', 'cmqtwaun70000iyi3i2jfm1a0', 'cmqshvah50007cii3xt0yqj2r', '2026-06-25T19:28:43.939+00:00');
insert into f_hyresavtal_lokal (id, hyresavtal_id, lokal_id, created_at) values ('cmqtwaun80003iyi3c0a3msvw', 'cmqtwaun70000iyi3i2jfm1a0', 'cmqshwm750008cii3cjfhzipd', '2026-06-25T19:28:43.939+00:00');
insert into f_hyresavtal_lokal (id, hyresavtal_id, lokal_id, created_at) values ('cmqtwaun80004iyi3uirg1ald', 'cmqtwaun70000iyi3i2jfm1a0', 'cmqsi1uct000bcii3o8itqalg', '2026-06-25T19:28:43.939+00:00');
insert into f_hyresavtal_lokal (id, hyresavtal_id, lokal_id, created_at) values ('cmqtwp99p0007iyi38opel4et', 'cmqtwp99n0006iyi3hep8mtf0', 'cmqr3c3i50003zbi3gkeyl2va', '2026-06-25T19:39:56.075+00:00');
insert into f_hyresavtal_lokal (id, hyresavtal_id, lokal_id, created_at) values ('cmqtwp99p0008iyi3b2imtgwr', 'cmqtwp99n0006iyi3hep8mtf0', 'cmqsiaum1000fcii3n9orjo20', '2026-06-25T19:39:56.075+00:00');
insert into f_hyresavtal_lokal (id, hyresavtal_id, lokal_id, created_at) values ('cmqtzgcll000viyi3tl0swyb9', 'cmqtxeob1000hiyi3tambe22m', 'cmqr3d8hh0004zbi3frh6u9bs', '2026-06-25T20:56:59.337+00:00');
insert into f_hyresavtal_lokal (id, hyresavtal_id, lokal_id, created_at) values ('cmqtzgcll000wiyi30mg1cil8', 'cmqtxeob1000hiyi3tambe22m', 'cmqsi529y000dcii3ab1qcntn', '2026-06-25T20:56:59.337+00:00');

-- f_avtalsrad: 14 rader (förväntat 14) [källa: Avtalsrad]
insert into f_avtalsrad (id, hyresavtal_id, artikelkod, beskrivning, belopp, arsbelopp, moms, created_at) values ('cmqtt4mz6000125i329bdp6mb', 'cmqtg8kmd000kcii3na6nyc9p', 'FSKATT', 'Fastighetsskatt', 251.0, 3012.0, 25.0, '2026-06-25T17:59:55.218+00:00');
insert into f_avtalsrad (id, hyresavtal_id, artikelkod, beskrivning, belopp, arsbelopp, moms, created_at) values ('cmqttdwm9000325i3uxg9xxul', 'cmqttdwlx000225i3nqx7zsg9', 'FSKATT', 'Fastighetsskatt', 251.0, 3012.0, 25.0, '2026-06-25T18:07:07.617+00:00');
insert into f_avtalsrad (id, hyresavtal_id, artikelkod, beskrivning, belopp, arsbelopp, moms, created_at) values ('cmqttrgk3000725i3ihe7akew', 'cmqttrgjq000625i302335xjx', 'FSKATT', 'Fastighetsskatt', 301.2, 3614.4, 25.0, '2026-06-25T18:17:39.987+00:00');
insert into f_avtalsrad (id, hyresavtal_id, artikelkod, beskrivning, belopp, arsbelopp, moms, created_at) values ('cmqtwauo40005iyi3axkv9qqo', 'cmqtwaun70000iyi3i2jfm1a0', 'FSKATT', 'Fastighetsskatt', 1775.0, 21300.0, 25.0, '2026-06-25T19:28:43.972+00:00');
insert into f_avtalsrad (id, hyresavtal_id, artikelkod, beskrivning, belopp, arsbelopp, moms, created_at) values ('cmqtwtsjy000aiyi3j84iefqd', 'cmqtwp99n0006iyi3hep8mtf0', 'FSKATT', 'Fastighetsskatt', 251.0, 3012.0, 25.0, '2026-06-25T19:43:27.694+00:00');
insert into f_avtalsrad (id, hyresavtal_id, artikelkod, beskrivning, belopp, arsbelopp, moms, created_at) values ('cmqtwu54f000biyi3czf6vvut', 'cmqly5o6j0001eii377wg7flo', 'FSKATT', 'Fastighetsskatt', 479.38, 5752.6, 25.0, '2026-06-25T19:43:43.983+00:00');
insert into f_avtalsrad (id, hyresavtal_id, artikelkod, beskrivning, belopp, arsbelopp, moms, created_at) values ('cmqtwu54j000ciyi3mu4xok3u', 'cmqly5o6j0001eii377wg7flo', 'TILLAGG', 'Hyrestillägg port', 1000.0, 12000.0, 25.0, '2026-06-25T19:43:43.987+00:00');
insert into f_avtalsrad (id, hyresavtal_id, artikelkod, beskrivning, belopp, arsbelopp, moms, created_at) values ('cmqtwu7uu000diyi3ad52dh7x', 'cmqmpj4kb0003eii3ivv676ed', 'FSKATT', 'Fastighetsskatt', 821.8, 9861.6, 25.0, '2026-06-25T19:43:47.526+00:00');
insert into f_avtalsrad (id, hyresavtal_id, artikelkod, beskrivning, belopp, arsbelopp, moms, created_at) values ('cmqtx0tz9000giyi3y67bx1x0', 'cmqtu8smh000825i3239mnab7', 'FSKATT', 'Fastighetsskatt', 200.8, 2409.6, 25.0, '2026-06-25T19:48:56.133+00:00');
insert into f_avtalsrad (id, hyresavtal_id, artikelkod, beskrivning, belopp, arsbelopp, moms, created_at) values ('cmqtzgcm9000xiyi3rbr8os79', 'cmqtxeob1000hiyi3tambe22m', 'FSKATT', 'Fastighetsskatt', 286.6, 3439.2, 25.0, '2026-06-25T20:56:59.361+00:00');
insert into f_avtalsrad (id, hyresavtal_id, artikelkod, beskrivning, belopp, arsbelopp, moms, created_at) values ('cmqtzgcmb000yiyi3ralho4xd', 'cmqtxeob1000hiyi3tambe22m', 'LARM', 'Bevakning', 582.25, 6987.0, 25.0, '2026-06-25T20:56:59.363+00:00');
insert into f_avtalsrad (id, hyresavtal_id, artikelkod, beskrivning, belopp, arsbelopp, moms, created_at) values ('cmqtzgcmd000ziyi3uulb7sfb', 'cmqtxeob1000hiyi3tambe22m', 'PARK', 'Parkering', 6000.0, 72000.0, 25.0, '2026-06-25T20:56:59.365+00:00');

-- f_avtalsdokument: 4 rader (förväntat 4) [källa: AvtalsDokument]
insert into f_avtalsdokument (id, hyresavtal_id, namn, typ, filnamn, filstorlek, sokvag, created_at) values ('cmqnm26q2000049i3jw26jyfv', 'cmqmpj4kb0003eii3ivv676ed', 'Avtal DEKRA Indelningen 1 - signed.pdf', 'ovrigt', 'Avtal DEKRA Indelningen 1 - signed.pdf', 6132160, '/uploads/dokument/cmqmpj4kb0003eii3ivv676ed/1782035726466.pdf', '2026-06-21T09:55:26.474+00:00');
insert into f_avtalsdokument (id, hyresavtal_id, namn, typ, filnamn, filstorlek, sokvag, created_at) values ('cmqnmkwf6000249i3qes3weqz', 'cmqly5o6j0001eii377wg7flo', '12B.3 Hyreskontrakt för lokal (03-03).pdf', 'ovrigt', '12B.3 Hyreskontrakt för lokal (03-03).pdf', 1523735, '/uploads/dokument/cmqly5o6j0001eii377wg7flo/1782036599585.pdf', '2026-06-21T10:09:59.586+00:00');
insert into f_avtalsdokument (id, hyresavtal_id, namn, typ, filnamn, filstorlek, sokvag, created_at) values ('cmqttgbn6000425i3sxot1aui', 'cmqtg8kmd000kcii3na6nyc9p', '01 Anzen AB 4_26.pdf', 'ovrigt', '01 Anzen AB 4_26.pdf', 1057169, '/uploads/dokument/cmqtg8kmd000kcii3na6nyc9p/1782410940395.pdf', '2026-06-25T18:09:00.402+00:00');
insert into f_avtalsdokument (id, hyresavtal_id, namn, typ, filnamn, filstorlek, sokvag, created_at) values ('cmqttgipm000525i3mnuj6b77', 'cmqttdwlx000225i3nqx7zsg9', '05 Eurosafe Scandinavia AB 4_26.pdf', 'ovrigt', '05 Eurosafe Scandinavia AB 4_26.pdf', 752322, '/uploads/dokument/cmqttdwlx000225i3nqx7zsg9/1782410949560.pdf', '2026-06-25T18:09:09.562+00:00');

-- f_faktura: 6 rader (förväntat 6) [källa: Faktura]
insert into f_faktura (id, fakturanummer, hyresavtal_id, belopp, period, forfallodag, status, created_at, updated_at) values ('cmqq47246000xr6i3z4x0fwyl', 'F202606-8611', 'cmqly5o6j0001eii377wg7flo', 34967.99999999999, '2026-07', '2026-06-29T22:00:00.000+00:00', 'ej_skickad', '2026-06-23T03:58:39.222+00:00', '2026-06-23T03:58:39.222+00:00');
insert into f_faktura (id, fakturanummer, hyresavtal_id, belopp, period, forfallodag, status, created_at, updated_at) values ('cmqq4724a0013r6i39gvm7jlj', 'F202606-1932', 'cmqly5o6j0001eii377wg7flo', 34967.99999999999, '2026-08', '2026-07-30T22:00:00.000+00:00', 'ej_skickad', '2026-06-23T03:58:39.226+00:00', '2026-06-23T03:58:39.226+00:00');
insert into f_faktura (id, fakturanummer, hyresavtal_id, belopp, period, forfallodag, status, created_at, updated_at) values ('cmqq4724c0019r6i3esw132a6', 'F202606-3849', 'cmqly5o6j0001eii377wg7flo', 34967.99999999999, '2026-09', '2026-08-30T22:00:00.000+00:00', 'ej_skickad', '2026-06-23T03:58:39.228+00:00', '2026-06-23T03:58:39.228+00:00');
insert into f_faktura (id, fakturanummer, hyresavtal_id, belopp, period, forfallodag, status, created_at, updated_at) values ('cmqq4724e001fr6i3o3acenw0', 'F202606-7340', 'cmqmpj4kb0003eii3ivv676ed', 38200.0, '2026-07', '2026-06-29T22:00:00.000+00:00', 'ej_skickad', '2026-06-23T03:58:39.230+00:00', '2026-06-23T03:58:39.230+00:00');
insert into f_faktura (id, fakturanummer, hyresavtal_id, belopp, period, forfallodag, status, created_at, updated_at) values ('cmqq4724h001kr6i364y5abad', 'F202606-1986', 'cmqmpj4kb0003eii3ivv676ed', 38200.0, '2026-08', '2026-07-30T22:00:00.000+00:00', 'ej_skickad', '2026-06-23T03:58:39.233+00:00', '2026-06-23T03:58:39.233+00:00');
insert into f_faktura (id, fakturanummer, hyresavtal_id, belopp, period, forfallodag, status, created_at, updated_at) values ('cmqq4724j001pr6i3b4nxkmoo', 'F202606-5329', 'cmqmpj4kb0003eii3ivv676ed', 38200.0, '2026-09', '2026-08-30T22:00:00.000+00:00', 'ej_skickad', '2026-06-23T03:58:39.235+00:00', '2026-06-23T03:58:39.235+00:00');

-- f_fakturarad: 27 rader (förväntat 27) [källa: FakturaRad]
insert into f_fakturarad (id, faktura_id, artikelkod, beskrivning, antal, apris, belopp, moms, created_at) values ('cmqq47247000yr6i35def9flm', 'cmqq47246000xr6i3z4x0fwyl', 'HYR', 'Hyra lokal Lokal 2001 (288 kvm) – 2026-07', 1.0, 33600.0, 33600.0, 25.0, '2026-06-23T03:58:39.222+00:00');
insert into f_fakturarad (id, faktura_id, artikelkod, beskrivning, antal, apris, belopp, moms, created_at) values ('cmqq47247000zr6i3qhil3j5w', 'cmqq47246000xr6i3z4x0fwyl', 'IDX', 'Indextillägg KPI (bas 419.35 → 417.96)', 1.0, -111.37, -111.37, 25.0, '2026-06-23T03:58:39.222+00:00');
insert into f_fakturarad (id, faktura_id, artikelkod, beskrivning, antal, apris, belopp, moms, created_at) values ('cmqq472470010r6i30dumt8lq', 'cmqq47246000xr6i3z4x0fwyl', 'FSKATT', 'Fastighetsskatt – 2026-07', 1.0, 479.38, 479.38, 25.0, '2026-06-23T03:58:39.222+00:00');
insert into f_fakturarad (id, faktura_id, artikelkod, beskrivning, antal, apris, belopp, moms, created_at) values ('cmqq472470011r6i3x3ggvky9', 'cmqq47246000xr6i3z4x0fwyl', 'TILLAGG', 'Hyrestillägg port – 2026-07', 1.0, 1000.0, 1000.0, 25.0, '2026-06-23T03:58:39.222+00:00');
insert into f_fakturarad (id, faktura_id, artikelkod, beskrivning, antal, apris, belopp, moms, created_at) values ('cmqq472470012r6i3171c630f', 'cmqq47246000xr6i3z4x0fwyl', 'ORE', 'Öreutjämning', 1.0, -0.01, -0.01, 0.0, '2026-06-23T03:58:39.222+00:00');
insert into f_fakturarad (id, faktura_id, artikelkod, beskrivning, antal, apris, belopp, moms, created_at) values ('cmqq4724a0014r6i3ilpqiaq4', 'cmqq4724a0013r6i39gvm7jlj', 'HYR', 'Hyra lokal Lokal 2001 (288 kvm) – 2026-08', 1.0, 33600.0, 33600.0, 25.0, '2026-06-23T03:58:39.226+00:00');
insert into f_fakturarad (id, faktura_id, artikelkod, beskrivning, antal, apris, belopp, moms, created_at) values ('cmqq4724a0015r6i3o0fniw4q', 'cmqq4724a0013r6i39gvm7jlj', 'IDX', 'Indextillägg KPI (bas 419.35 → 417.96)', 1.0, -111.37, -111.37, 25.0, '2026-06-23T03:58:39.226+00:00');
insert into f_fakturarad (id, faktura_id, artikelkod, beskrivning, antal, apris, belopp, moms, created_at) values ('cmqq4724a0016r6i3ud88i0b3', 'cmqq4724a0013r6i39gvm7jlj', 'FSKATT', 'Fastighetsskatt – 2026-08', 1.0, 479.38, 479.38, 25.0, '2026-06-23T03:58:39.226+00:00');
insert into f_fakturarad (id, faktura_id, artikelkod, beskrivning, antal, apris, belopp, moms, created_at) values ('cmqq4724a0017r6i3h2n2qlk0', 'cmqq4724a0013r6i39gvm7jlj', 'TILLAGG', 'Hyrestillägg port – 2026-08', 1.0, 1000.0, 1000.0, 25.0, '2026-06-23T03:58:39.226+00:00');
insert into f_fakturarad (id, faktura_id, artikelkod, beskrivning, antal, apris, belopp, moms, created_at) values ('cmqq4724a0018r6i3vx4gg14n', 'cmqq4724a0013r6i39gvm7jlj', 'ORE', 'Öreutjämning', 1.0, -0.01, -0.01, 0.0, '2026-06-23T03:58:39.226+00:00');
insert into f_fakturarad (id, faktura_id, artikelkod, beskrivning, antal, apris, belopp, moms, created_at) values ('cmqq4724c001ar6i31psr3zeg', 'cmqq4724c0019r6i3esw132a6', 'HYR', 'Hyra lokal Lokal 2001 (288 kvm) – 2026-09', 1.0, 33600.0, 33600.0, 25.0, '2026-06-23T03:58:39.228+00:00');
insert into f_fakturarad (id, faktura_id, artikelkod, beskrivning, antal, apris, belopp, moms, created_at) values ('cmqq4724c001br6i3xk4ylwtk', 'cmqq4724c0019r6i3esw132a6', 'IDX', 'Indextillägg KPI (bas 419.35 → 417.96)', 1.0, -111.37, -111.37, 25.0, '2026-06-23T03:58:39.228+00:00');
insert into f_fakturarad (id, faktura_id, artikelkod, beskrivning, antal, apris, belopp, moms, created_at) values ('cmqq4724c001cr6i3qy1k6sfp', 'cmqq4724c0019r6i3esw132a6', 'FSKATT', 'Fastighetsskatt – 2026-09', 1.0, 479.38, 479.38, 25.0, '2026-06-23T03:58:39.228+00:00');
insert into f_fakturarad (id, faktura_id, artikelkod, beskrivning, antal, apris, belopp, moms, created_at) values ('cmqq4724c001dr6i32xzrfssg', 'cmqq4724c0019r6i3esw132a6', 'TILLAGG', 'Hyrestillägg port – 2026-09', 1.0, 1000.0, 1000.0, 25.0, '2026-06-23T03:58:39.228+00:00');
insert into f_fakturarad (id, faktura_id, artikelkod, beskrivning, antal, apris, belopp, moms, created_at) values ('cmqq4724c001er6i3ueqgoqj6', 'cmqq4724c0019r6i3esw132a6', 'ORE', 'Öreutjämning', 1.0, -0.01, -0.01, 0.0, '2026-06-23T03:58:39.228+00:00');
insert into f_fakturarad (id, faktura_id, artikelkod, beskrivning, antal, apris, belopp, moms, created_at) values ('cmqq4724e001gr6i35b5k2wdn', 'cmqq4724e001fr6i3o3acenw0', 'HYR', 'Hyra lokal Lokal 2002 (288 kvm) – 2026-07', 1.0, 36583.0, 36583.0, 25.0, '2026-06-23T03:58:39.230+00:00');
insert into f_fakturarad (id, faktura_id, artikelkod, beskrivning, antal, apris, belopp, moms, created_at) values ('cmqq4724e001hr6i3wl3y3dqh', 'cmqq4724e001fr6i3o3acenw0', 'IDX', 'Indextillägg KPI (bas 409.07 → 417.96)', 1.0, 795.03, 795.03, 25.0, '2026-06-23T03:58:39.230+00:00');
insert into f_fakturarad (id, faktura_id, artikelkod, beskrivning, antal, apris, belopp, moms, created_at) values ('cmqq4724e001ir6i36qxw024y', 'cmqq4724e001fr6i3o3acenw0', 'FSKATT', 'Fastighetsskatt – 2026-07', 1.0, 821.8, 821.8, 25.0, '2026-06-23T03:58:39.230+00:00');
insert into f_fakturarad (id, faktura_id, artikelkod, beskrivning, antal, apris, belopp, moms, created_at) values ('cmqq4724e001jr6i3m12a7xv7', 'cmqq4724e001fr6i3o3acenw0', 'ORE', 'Öreutjämning', 1.0, 0.17, 0.17, 0.0, '2026-06-23T03:58:39.230+00:00');
insert into f_fakturarad (id, faktura_id, artikelkod, beskrivning, antal, apris, belopp, moms, created_at) values ('cmqq4724h001lr6i3disi1lw8', 'cmqq4724h001kr6i364y5abad', 'HYR', 'Hyra lokal Lokal 2002 (288 kvm) – 2026-08', 1.0, 36583.0, 36583.0, 25.0, '2026-06-23T03:58:39.233+00:00');
insert into f_fakturarad (id, faktura_id, artikelkod, beskrivning, antal, apris, belopp, moms, created_at) values ('cmqq4724h001mr6i3vnieltff', 'cmqq4724h001kr6i364y5abad', 'IDX', 'Indextillägg KPI (bas 409.07 → 417.96)', 1.0, 795.03, 795.03, 25.0, '2026-06-23T03:58:39.233+00:00');
insert into f_fakturarad (id, faktura_id, artikelkod, beskrivning, antal, apris, belopp, moms, created_at) values ('cmqq4724i001nr6i3zre8feri', 'cmqq4724h001kr6i364y5abad', 'FSKATT', 'Fastighetsskatt – 2026-08', 1.0, 821.8, 821.8, 25.0, '2026-06-23T03:58:39.233+00:00');
insert into f_fakturarad (id, faktura_id, artikelkod, beskrivning, antal, apris, belopp, moms, created_at) values ('cmqq4724i001or6i3urx376hg', 'cmqq4724h001kr6i364y5abad', 'ORE', 'Öreutjämning', 1.0, 0.17, 0.17, 0.0, '2026-06-23T03:58:39.233+00:00');
insert into f_fakturarad (id, faktura_id, artikelkod, beskrivning, antal, apris, belopp, moms, created_at) values ('cmqq4724k001qr6i37ku3bptl', 'cmqq4724j001pr6i3b4nxkmoo', 'HYR', 'Hyra lokal Lokal 2002 (288 kvm) – 2026-09', 1.0, 36583.0, 36583.0, 25.0, '2026-06-23T03:58:39.235+00:00');
insert into f_fakturarad (id, faktura_id, artikelkod, beskrivning, antal, apris, belopp, moms, created_at) values ('cmqq4724k001rr6i3m5bqcdn5', 'cmqq4724j001pr6i3b4nxkmoo', 'IDX', 'Indextillägg KPI (bas 409.07 → 417.96)', 1.0, 795.03, 795.03, 25.0, '2026-06-23T03:58:39.235+00:00');
insert into f_fakturarad (id, faktura_id, artikelkod, beskrivning, antal, apris, belopp, moms, created_at) values ('cmqq4724k001sr6i3jtdk03pj', 'cmqq4724j001pr6i3b4nxkmoo', 'FSKATT', 'Fastighetsskatt – 2026-09', 1.0, 821.8, 821.8, 25.0, '2026-06-23T03:58:39.235+00:00');
insert into f_fakturarad (id, faktura_id, artikelkod, beskrivning, antal, apris, belopp, moms, created_at) values ('cmqq4724k001tr6i3uiy0pcjx', 'cmqq4724j001pr6i3b4nxkmoo', 'ORE', 'Öreutjämning', 1.0, 0.17, 0.17, 0.0, '2026-06-23T03:58:39.235+00:00');

-- f_lan: 2 rader (förväntat 2) [källa: Lan]
insert into f_lan (id, fastighet_id, langivare, belopp, ranta, amort_typ, amort_belopp, startdatum, slutdatum, kommentar, created_at) values ('lan_f575b596530b4e71882f', 'cmqr2f9xk0000zbi3dgbjx9wr', '', 9900000.0, 3.6, 'arsvis', 297000.0, '2025-01-01T00:00:00.000Z', NULL, 'Ingående lån 2025. Amortering 3% av kvarvarande/år.', '2026-06-26T06:32:15.887659Z');
insert into f_lan (id, fastighet_id, langivare, belopp, ranta, amort_typ, amort_belopp, startdatum, slutdatum, kommentar, created_at) values ('lan_910fcd5e32b848428a79', 'cmqkpvv6x0002sui3ilxayala', '', 15600000.0, 3.62, 'arsvis', 468000.0, '2025-01-01T00:00:00.000Z', NULL, 'Ingående lån 2025. Amortering 3% av kvarvarande/år.', '2026-06-26T06:32:15.887659Z');

-- f_elmatare: 6 rader (förväntat 6) [källa: ElMatare]
insert into f_elmatare (id, matarnummer, fastighet_id, lokal_id, byggnad_id, beskrivning, schablon_kwh, aktiv, created_at) values ('cmqq57c6y001vr6i3d5y8y26i', '', 'cmqkpvv6x0002sui3ilxayala', 'cmqkuzj0p0005sui3pfmp2e1h', NULL, 'Värme', NULL, true, '2026-06-23T04:26:51.898+00:00');
insert into f_elmatare (id, matarnummer, fastighet_id, lokal_id, byggnad_id, beskrivning, schablon_kwh, aktiv, created_at) values ('cmqq582nq001wr6i3kf7te48s', '', 'cmqkpvv6x0002sui3ilxayala', 'cmqkvgcly00034li317r1lwlf', NULL, 'Lokal ', NULL, true, '2026-06-23T04:27:26.198+00:00');
insert into f_elmatare (id, matarnummer, fastighet_id, lokal_id, byggnad_id, beskrivning, schablon_kwh, aktiv, created_at) values ('cmqq5wrgc001yr6i3yh085fbj', '', 'cmqkpvv6x0002sui3ilxayala', 'cmqkuzj0p0005sui3pfmp2e1h', NULL, 'Lokal', NULL, true, '2026-06-23T04:46:38.076+00:00');
insert into f_elmatare (id, matarnummer, fastighet_id, lokal_id, byggnad_id, beskrivning, schablon_kwh, aktiv, created_at) values ('cmqtz1gh2000riyi3ykes6b7g', '', 'cmqkpvv6x0002sui3ilxayala', 'cmqshu51g0006cii3dv6vls4l', NULL, 'Verkstad', NULL, true, '2026-06-25T20:45:24.518+00:00');
insert into f_elmatare (id, matarnummer, fastighet_id, lokal_id, byggnad_id, beskrivning, schablon_kwh, aktiv, created_at) values ('cmqtz1q2n000siyi3d9d42656', '', 'cmqkpvv6x0002sui3ilxayala', 'cmqshu51g0006cii3dv6vls4l', NULL, 'Bod', NULL, true, '2026-06-25T20:45:36.959+00:00');
insert into f_elmatare (id, matarnummer, fastighet_id, lokal_id, byggnad_id, beskrivning, schablon_kwh, aktiv, created_at) values ('cmqtz2thy000tiyi356f8vt9r', '', 'cmqkpvv6x0002sui3ilxayala', 'cmqshu51g0006cii3dv6vls4l', NULL, 'Uppvärmning', 1640.0, true, '2026-06-25T20:46:28.054+00:00');

-- f_elavlasning: 23 rader (förväntat 23) [källa: ElAvlasning]
insert into f_elavlasning (id, matare_id, datum, varde, avlast_av, kommentar, created_at) values ('avl_e13ef2f21beb4c6ba06f', 'cmqtz1gh2000riyi3ykes6b7g', '2025-01-31T12:00:00.000Z', 15971.58, NULL, NULL, '2026-06-26T05:52:49.044565Z');
insert into f_elavlasning (id, matare_id, datum, varde, avlast_av, kommentar, created_at) values ('avl_a66657eda86d4354a697', 'cmqtz1gh2000riyi3ykes6b7g', '2025-03-03T12:00:00.000Z', 16964.27, NULL, NULL, '2026-06-26T05:52:49.044866Z');
insert into f_elavlasning (id, matare_id, datum, varde, avlast_av, kommentar, created_at) values ('avl_0f73f62cafb34dd388b1', 'cmqtz1gh2000riyi3ykes6b7g', '2025-03-31T12:00:00.000Z', 17636.54, NULL, NULL, '2026-06-26T05:52:49.044878Z');
insert into f_elavlasning (id, matare_id, datum, varde, avlast_av, kommentar, created_at) values ('avl_1902280444fa4d999f65', 'cmqtz1gh2000riyi3ykes6b7g', '2025-06-30T12:00:00.000Z', 18843.11, NULL, NULL, '2026-06-26T05:52:49.044885Z');
insert into f_elavlasning (id, matare_id, datum, varde, avlast_av, kommentar, created_at) values ('avl_42c2ac644cdf4970a0aa', 'cmqtz1gh2000riyi3ykes6b7g', '2025-10-01T12:00:00.000Z', 19744.5, NULL, NULL, '2026-06-26T05:52:49.044892Z');
insert into f_elavlasning (id, matare_id, datum, varde, avlast_av, kommentar, created_at) values ('avl_0b4d13bf3ca34a41b6ee', 'cmqtz1gh2000riyi3ykes6b7g', '2025-12-29T12:00:00.000Z', 21047.23, NULL, NULL, '2026-06-26T05:52:49.044898Z');
insert into f_elavlasning (id, matare_id, datum, varde, avlast_av, kommentar, created_at) values ('avl_dfa8c30b21a44c07974c', 'cmqtz1gh2000riyi3ykes6b7g', '2026-04-07T12:00:00.000Z', 22476.99, NULL, NULL, '2026-06-26T05:52:49.044903Z');
insert into f_elavlasning (id, matare_id, datum, varde, avlast_av, kommentar, created_at) values ('avl_8bb8f3fe8db8471a914c', 'cmqtz1q2n000siyi3d9d42656', '2025-01-31T12:00:00.000Z', 24500.56, NULL, NULL, '2026-06-26T05:52:49.044909Z');
insert into f_elavlasning (id, matare_id, datum, varde, avlast_av, kommentar, created_at) values ('avl_1b8f3ae5b74848bcb7b0', 'cmqtz1q2n000siyi3d9d42656', '2025-03-03T12:00:00.000Z', 30784.51, NULL, NULL, '2026-06-26T05:52:49.044914Z');
insert into f_elavlasning (id, matare_id, datum, varde, avlast_av, kommentar, created_at) values ('avl_7d02b946d19644fabc66', 'cmqtz1q2n000siyi3d9d42656', '2025-03-31T12:00:00.000Z', 34800.23, NULL, NULL, '2026-06-26T05:52:49.044919Z');
insert into f_elavlasning (id, matare_id, datum, varde, avlast_av, kommentar, created_at) values ('avl_9c2efc408db64ea3bf75', 'cmqtz1q2n000siyi3d9d42656', '2025-06-30T12:00:00.000Z', 41349.58, NULL, NULL, '2026-06-26T05:52:49.044925Z');
insert into f_elavlasning (id, matare_id, datum, varde, avlast_av, kommentar, created_at) values ('avl_872118ed8c1644a1a961', 'cmqtz1q2n000siyi3d9d42656', '2025-10-01T12:00:00.000Z', 45055.76, NULL, NULL, '2026-06-26T05:52:49.044930Z');
insert into f_elavlasning (id, matare_id, datum, varde, avlast_av, kommentar, created_at) values ('avl_32d0405fbd90478ca721', 'cmqtz1q2n000siyi3d9d42656', '2025-12-29T12:00:00.000Z', 56026.63, NULL, NULL, '2026-06-26T05:52:49.044935Z');
insert into f_elavlasning (id, matare_id, datum, varde, avlast_av, kommentar, created_at) values ('avl_41dd850d42a4492c9c43', 'cmqtz1q2n000siyi3d9d42656', '2026-04-07T12:00:00.000Z', 74681.77, NULL, NULL, '2026-06-26T05:52:49.044940Z');
insert into f_elavlasning (id, matare_id, datum, varde, avlast_av, kommentar, created_at) values ('avl_20ee2d3603b64c7cb951', 'cmqq582nq001wr6i3kf7te48s', '2025-01-31T12:00:00.000Z', 29888.58, NULL, NULL, '2026-06-26T05:52:49.044946Z');
insert into f_elavlasning (id, matare_id, datum, varde, avlast_av, kommentar, created_at) values ('avl_ce0fd074809348f8a637', 'cmqq582nq001wr6i3kf7te48s', '2025-03-03T12:00:00.000Z', 31264.43, NULL, NULL, '2026-06-26T05:52:49.044951Z');
insert into f_elavlasning (id, matare_id, datum, varde, avlast_av, kommentar, created_at) values ('avl_832bd596c7bb44ad870c', 'cmqq582nq001wr6i3kf7te48s', '2025-03-31T12:00:00.000Z', 32677.32, NULL, NULL, '2026-06-26T05:52:49.044956Z');
insert into f_elavlasning (id, matare_id, datum, varde, avlast_av, kommentar, created_at) values ('avl_7add228074f2464dab82', 'cmqq582nq001wr6i3kf7te48s', '2025-06-30T12:00:00.000Z', 36542.13, NULL, NULL, '2026-06-26T05:52:49.044961Z');
insert into f_elavlasning (id, matare_id, datum, varde, avlast_av, kommentar, created_at) values ('avl_d5311423b67d42978b38', 'cmqq582nq001wr6i3kf7te48s', '2025-10-01T12:00:00.000Z', 39997.5, NULL, NULL, '2026-06-26T05:52:49.044967Z');
insert into f_elavlasning (id, matare_id, datum, varde, avlast_av, kommentar, created_at) values ('avl_83b7bdae71c044538582', 'cmqq582nq001wr6i3kf7te48s', '2025-12-29T12:00:00.000Z', 44152.64, NULL, NULL, '2026-06-26T05:52:49.044972Z');
insert into f_elavlasning (id, matare_id, datum, varde, avlast_av, kommentar, created_at) values ('avl_f043d068621440a6a2ca', 'cmqq582nq001wr6i3kf7te48s', '2026-04-07T12:00:00.000Z', 49035.32, NULL, NULL, '2026-06-26T05:52:49.044977Z');
insert into f_elavlasning (id, matare_id, datum, varde, avlast_av, kommentar, created_at) values ('avl_d62a0f9db3f14e28a49d', 'cmqq5wrgc001yr6i3yh085fbj', '2025-12-29T12:00:00.000Z', 38800.0, NULL, NULL, '2026-06-26T05:52:49.044982Z');
insert into f_elavlasning (id, matare_id, datum, varde, avlast_av, kommentar, created_at) values ('avl_3e4528c44dc747398f53', 'cmqq5wrgc001yr6i3yh085fbj', '2026-04-07T12:00:00.000Z', 42453.63, NULL, NULL, '2026-06-26T05:52:49.044987Z');

-- f_underhallsarende: 6 rader (förväntat 6) [källa: Underhallsarende]
insert into f_underhallsarende (id, fastighet_id, byggnad_id, typ, namn, beskrivning, intervall_manader, senast_utford, nasta_gang, status, ansvarig, leverantor, kostnad, kommentar, created_at, updated_at) values ('cmqorozws0000hki3czkug6fi', 'cmqkpvv6x0002sui3ilxayala', NULL, 'oljeavskiljare', 'Oljeavskiljare 7A', NULL, 6, NULL, '2026-12-22T00:00:00.000+00:00', 'planerad', NULL, NULL, NULL, NULL, '2026-06-22T05:20:54.988+00:00', '2026-06-22T05:20:54.988+00:00');
insert into f_underhallsarende (id, fastighet_id, byggnad_id, typ, namn, beskrivning, intervall_manader, senast_utford, nasta_gang, status, ansvarig, leverantor, kostnad, kommentar, created_at, updated_at) values ('cmqorozx50001hki3oxv2xlpg', 'cmqkpvv6x0002sui3ilxayala', NULL, 'hiss', 'Hissbesiktning 7A', NULL, 12, NULL, '2027-06-22T00:00:00.000+00:00', 'planerad', NULL, NULL, NULL, NULL, '2026-06-22T05:20:55.001+00:00', '2026-06-22T05:20:55.001+00:00');
insert into f_underhallsarende (id, fastighet_id, byggnad_id, typ, namn, beskrivning, intervall_manader, senast_utford, nasta_gang, status, ansvarig, leverantor, kostnad, kommentar, created_at, updated_at) values ('cmqorozxe0002hki3vuajb9vw', 'cmqkpvv6x0002sui3ilxayala', NULL, 'port', 'Portservice 7A (1 el-port)', NULL, 12, NULL, '2027-06-22T00:00:00.000+00:00', 'planerad', NULL, NULL, NULL, NULL, '2026-06-22T05:20:55.010+00:00', '2026-06-22T05:20:55.010+00:00');
insert into f_underhallsarende (id, fastighet_id, byggnad_id, typ, namn, beskrivning, intervall_manader, senast_utford, nasta_gang, status, ansvarig, leverantor, kostnad, kommentar, created_at, updated_at) values ('cmqorozxj0003hki3lmu1rduq', 'cmqkpvv6x0002sui3ilxayala', NULL, 'oljeavskiljare', 'Oljeavskiljare 7B', NULL, 6, NULL, '2026-12-22T00:00:00.000+00:00', 'planerad', NULL, NULL, NULL, NULL, '2026-06-22T05:20:55.015+00:00', '2026-06-22T05:20:55.015+00:00');
insert into f_underhallsarende (id, fastighet_id, byggnad_id, typ, namn, beskrivning, intervall_manader, senast_utford, nasta_gang, status, ansvarig, leverantor, kostnad, kommentar, created_at, updated_at) values ('cmqorozxp0004hki3fbm6cqug', 'cmqkpvv6x0002sui3ilxayala', NULL, 'port', 'Portservice 7B (7 el-portar)', NULL, 12, NULL, '2027-06-22T00:00:00.000+00:00', 'planerad', NULL, NULL, NULL, NULL, '2026-06-22T05:20:55.021+00:00', '2026-06-22T05:20:55.021+00:00');
insert into f_underhallsarende (id, fastighet_id, byggnad_id, typ, namn, beskrivning, intervall_manader, senast_utford, nasta_gang, status, ansvarig, leverantor, kostnad, kommentar, created_at, updated_at) values ('cmqorozxu0005hki3e4rf2gh8', 'cmqkpvv6x0002sui3ilxayala', NULL, 'ovk', 'OVK Indelningen 1', NULL, 36, NULL, '2029-06-22T00:00:00.000+00:00', 'planerad', NULL, NULL, NULL, NULL, '2026-06-22T05:20:55.026+00:00', '2026-06-22T05:20:55.026+00:00');

commit;
